{
    "meta": {
        "num_tuples": 32561,
        "num_attrs": 7,
        "num_attrs_in_BN": 6,
        "attrs": [
            "ssn",
            "age",
            "education",
            "marital-status",
            "relationship",
            "sex",
            "income"
        ],
        "key_candidates": [
            "ssn"
        ],
        "non_cat_string": [],
        "attrs_in_BN": [
            "marital-status",
            "sex",
            "relationship",
            "age",
            "income",
            "education"
        ],
        "datatypes": {
            "ssn": "SocialSecurityNumber",
            "age": "Integer",
            "education": "String",
            "marital-status": "String",
            "relationship": "String",
            "sex": "String",
            "income": "String"
        },
        "categories": [
            "education",
            "marital-status",
            "relationship",
            "sex",
            "income"
        ]
    },
    "mins": {
        "ssn": 123456789.0,
        "age": 17.0,
        "education": 3.0,
        "marital-status": 7.0,
        "relationship": 4.0,
        "sex": 4.0,
        "income": 4.0
    },
    "maxes": {
        "ssn": 999999999.0,
        "age": 90.0,
        "education": 12.0,
        "marital-status": 21.0,
        "relationship": 14.0,
        "sex": 6.0,
        "income": 5.0
    },
    "missing_rates": {
        "ssn": 0.0,
        "age": 0.09867633057952765,
        "education": 0.3196462025122079,
        "marital-status": 0.2171309234974356,
        "relationship": 0.23128896532661775,
        "sex": 0.4344154049322809,
        "income": 0.44611651976290656
    },
    "distribution": {
        "probs": {
            "ssn": [
                0.05155056924683733,
                0.05097557527949498,
                0.05201201939894037,
                0.0552454338844903,
                0.05121793643621292,
                0.049346054097179674,
                0.051056037802038934,
                0.04686122073842848,
                0.05015239136349129,
                0.04721220820116602,
                0.05357090370702197,
                0.04957392746569283,
                0.049211648221793663,
                0.0483305583609278,
                0.051004420071017534,
                0.04932485498787593,
                0.04982185920984461,
                0.043503477593143464,
                0.05004278848473272,
                0.0499861154496691
            ],
            "age": [
                0.0746355473791608,
                0.10117034365046264,
                0.07617011860183574,
                0.10430546766560275,
                0.1065393512191777,
                0.08048919335881488,
                0.09522068636386172,
                0.09291740906300111,
                0.05590068841163285,
                0.06351990441460545,
                0.044456211208420734,
                0.030464963710388922,
                0.030352601564592043,
                0.01867863150586029,
                0.008174812080394226,
                0.014086517572504327,
                0.0007856470460259189,
                0.0001634193458605489,
                0.0,
                0.001968485837797354
            ],
            "education": [
                0.026755226335927435,
                0.03562087151025701,
                0.011801228464890253,
                0.0034040598674097574,
                0.007979449435250975,
                0.02001554505086145,
                0.013462836594550859,
                0.03103856232284888,
                0.041929800338548325,
                0.16652726087551734,
                0.009869639860374618,
                0.3276753305761944,
                0.05057800203527643,
                0.007274162586615167,
                0.018026771944275183,
                0.22804125220120197
            ],
            "marital-status": [
                0.13527303173556793,
                0.0018964692032133843,
                0.4591217604480105,
                0.01281998657106236,
                0.32785173597245393,
                0.032271628351040305,
                0.030765387718651543
            ],
            "relationship": [
                0.4053681535847948,
                0.25466837784203655,
                0.03086893700938281,
                0.15482420387139303,
                0.10990676003709252,
                0.04436356765530041
            ],
            "sex": [
                0.3299005971589799,
                0.6700994028410201
            ],
            "income": [
                0.7605310182102323,
                0.2394689817897677
            ]
        },
        "bins": {
            "ssn": [
                123412961.8395,
                167283949.5,
                211111110.0,
                254938270.5,
                298765431.0,
                342592591.5,
                386419752.0,
                430246912.5,
                474074073.0,
                517901233.5,
                561728394.0,
                605555554.5,
                649382715.0,
                693209875.5,
                737037036.0,
                780864196.5,
                824691357.0,
                868518517.5,
                912345678.0,
                956172838.5
            ],
            "age": [
                16.99635,
                20.65,
                24.3,
                27.95,
                31.6,
                35.25,
                38.9,
                42.55,
                46.2,
                49.85,
                53.5,
                57.15,
                60.8,
                64.44999999999999,
                68.1,
                71.75,
                75.4,
                79.05,
                82.7,
                86.35
            ],
            "education": [
                "10th",
                "11th",
                "12th",
                "1st-4th",
                "5th-6th",
                "7th-8th",
                "9th",
                "Assoc-acdm",
                "Assoc-voc",
                "Bachelors",
                "Doctorate",
                "HS-grad",
                "Masters",
                "Preschool",
                "Prof-school",
                "Some-college"
            ],
            "marital-status": [
                "Divorced",
                "Married-AF-spouse",
                "Married-civ-spouse",
                "Married-spouse-absent",
                "Never-married",
                "Separated",
                "Widowed"
            ],
            "relationship": [
                "Husband",
                "Not-in-family",
                "Other-relative",
                "Own-child",
                "Unmarried",
                "Wife"
            ],
            "sex": [
                "Female",
                "Male"
            ],
            "income": [
                "<=50K",
                ">50K"
            ]
        }
    }
}